dataset,frame,param,level,degrade,degrade_level,object_id,type,distance_m,range_bin,box_width_px,object_points,hits
kitti_mini,000008,yaw,0.0,gaussian_noise,0.0,0,Car,4.6,0-15m,402.3,1424,1412
kitti_mini,000008,yaw,0.0,gaussian_noise,0.0,1,Car,7.9,0-15m,289.6,1940,1940
kitti_mini,000008,yaw,0.0,gaussian_noise,0.0,2,Car,7.2,0-15m,303.7,878,871
kitti_mini,000008,yaw,0.0,gaussian_noise,0.0,3,Car,14.5,0-15m,123.3,668,668
kitti_mini,000008,yaw,0.0,gaussian_noise,0.0,4,Car,34.0,>30m,51.1,53,53
kitti_mini,000008,yaw,0.0,gaussian_noise,0.0,5,Car,21.7,15-30m,71.9,164,164
kitti_mini,000008,yaw,1.0,gaussian_noise,0.0,0,Car,4.6,0-15m,402.3,1338,1325
kitti_mini,000008,yaw,1.0,gaussian_noise,0.0,1,Car,7.9,0-15m,289.6,1940,1940
kitti_mini,000008,yaw,1.0,gaussian_noise,0.0,2,Car,7.2,0-15m,303.7,908,899
kitti_mini,000008,yaw,1.0,gaussian_noise,0.0,3,Car,14.5,0-15m,123.3,668,655
kitti_mini,000008,yaw,1.0,gaussian_noise,0.0,4,Car,34.0,>30m,51.1,53,40
kitti_mini,000008,yaw,1.0,gaussian_noise,0.0,5,Car,21.7,15-30m,71.9,164,142
kitti_mini,000008,yaw,0.0,gaussian_noise,0.02,0,Car,4.6,0-15m,402.3,1349,1343
kitti_mini,000008,yaw,0.0,gaussian_noise,0.02,1,Car,7.9,0-15m,289.6,1869,1869
kitti_mini,000008,yaw,0.0,gaussian_noise,0.02,2,Car,7.2,0-15m,303.7,877,865
kitti_mini,000008,yaw,0.0,gaussian_noise,0.02,3,Car,14.5,0-15m,123.3,657,657
kitti_mini,000008,yaw,0.0,gaussian_noise,0.02,4,Car,34.0,>30m,51.1,51,51
kitti_mini,000008,yaw,0.0,gaussian_noise,0.02,5,Car,21.7,15-30m,71.9,167,167
kitti_mini,000008,yaw,1.0,gaussian_noise,0.02,0,Car,4.6,0-15m,402.3,1266,1256
kitti_mini,000008,yaw,1.0,gaussian_noise,0.02,1,Car,7.9,0-15m,289.6,1869,1869
kitti_mini,000008,yaw,1.0,gaussian_noise,0.02,2,Car,7.2,0-15m,303.7,905,896
kitti_mini,000008,yaw,1.0,gaussian_noise,0.02,3,Car,14.5,0-15m,123.3,657,643
kitti_mini,000008,yaw,1.0,gaussian_noise,0.02,4,Car,34.0,>30m,51.1,51,38
kitti_mini,000008,yaw,1.0,gaussian_noise,0.02,5,Car,21.7,15-30m,71.9,167,145
kitti_mini,000008,yaw,0.0,gaussian_noise,0.05,0,Car,4.6,0-15m,402.3,1207,1197
kitti_mini,000008,yaw,0.0,gaussian_noise,0.05,1,Car,7.9,0-15m,289.6,1704,1704
kitti_mini,000008,yaw,0.0,gaussian_noise,0.05,2,Car,7.2,0-15m,303.7,859,846
kitti_mini,000008,yaw,0.0,gaussian_noise,0.05,3,Car,14.5,0-15m,123.3,631,631
kitti_mini,000008,yaw,0.0,gaussian_noise,0.05,4,Car,34.0,>30m,51.1,49,48
kitti_mini,000008,yaw,0.0,gaussian_noise,0.05,5,Car,21.7,15-30m,71.9,160,160
kitti_mini,000008,yaw,1.0,gaussian_noise,0.05,0,Car,4.6,0-15m,402.3,1131,1126
kitti_mini,000008,yaw,1.0,gaussian_noise,0.05,1,Car,7.9,0-15m,289.6,1704,1704
kitti_mini,000008,yaw,1.0,gaussian_noise,0.05,2,Car,7.2,0-15m,303.7,884,874
kitti_mini,000008,yaw,1.0,gaussian_noise,0.05,3,Car,14.5,0-15m,123.3,631,614
kitti_mini,000008,yaw,1.0,gaussian_noise,0.05,4,Car,34.0,>30m,51.1,49,36
kitti_mini,000008,yaw,1.0,gaussian_noise,0.05,5,Car,21.7,15-30m,71.9,160,136
kitti_mini,000008,yaw,0.0,gaussian_noise,0.1,0,Car,4.6,0-15m,402.3,1035,1026
kitti_mini,000008,yaw,0.0,gaussian_noise,0.1,1,Car,7.9,0-15m,289.6,1539,1539
kitti_mini,000008,yaw,0.0,gaussian_noise,0.1,2,Car,7.2,0-15m,303.7,782,773
kitti_mini,000008,yaw,0.0,gaussian_noise,0.1,3,Car,14.5,0-15m,123.3,579,578
kitti_mini,000008,yaw,0.0,gaussian_noise,0.1,4,Car,34.0,>30m,51.1,49,49
kitti_mini,000008,yaw,0.0,gaussian_noise,0.1,5,Car,21.7,15-30m,71.9,146,146
kitti_mini,000008,yaw,1.0,gaussian_noise,0.1,0,Car,4.6,0-15m,402.3,976,967
kitti_mini,000008,yaw,1.0,gaussian_noise,0.1,1,Car,7.9,0-15m,289.6,1539,1538
kitti_mini,000008,yaw,1.0,gaussian_noise,0.1,2,Car,7.2,0-15m,303.7,816,798
kitti_mini,000008,yaw,1.0,gaussian_noise,0.1,3,Car,14.5,0-15m,123.3,579,561
kitti_mini,000008,yaw,1.0,gaussian_noise,0.1,4,Car,34.0,>30m,51.1,49,37
kitti_mini,000008,yaw,1.0,gaussian_noise,0.1,5,Car,21.7,15-30m,71.9,146,126
kitti_mini,000011,yaw,0.0,gaussian_noise,0.0,0,Pedestrian,13.4,0-15m,53.7,151,150
kitti_mini,000011,yaw,0.0,gaussian_noise,0.0,1,Pedestrian,14.5,0-15m,59.7,35,35
kitti_mini,000011,yaw,0.0,gaussian_noise,0.0,2,Car,27.1,15-30m,60.7,208,208
kitti_mini,000011,yaw,0.0,gaussian_noise,0.0,3,Pedestrian,34.2,>30m,15.3,40,40
kitti_mini,000011,yaw,0.0,gaussian_noise,0.0,4,Car,6.6,0-15m,85.9,210,207
kitti_mini,000011,yaw,0.0,gaussian_noise,0.0,5,Pedestrian,17.8,15-30m,27.7,81,81
kitti_mini,000011,yaw,1.0,gaussian_noise,0.0,0,Pedestrian,13.4,0-15m,53.7,151,124
kitti_mini,000011,yaw,1.0,gaussian_noise,0.0,1,Pedestrian,14.5,0-15m,59.7,35,35
kitti_mini,000011,yaw,1.0,gaussian_noise,0.0,2,Car,27.1,15-30m,60.7,208,178
kitti_mini,000011,yaw,1.0,gaussian_noise,0.0,3,Pedestrian,34.2,>30m,15.3,40,3
kitti_mini,000011,yaw,1.0,gaussian_noise,0.0,4,Car,6.6,0-15m,85.9,141,140
kitti_mini,000011,yaw,1.0,gaussian_noise,0.0,5,Pedestrian,17.8,15-30m,27.7,81,28
kitti_mini,000011,yaw,0.0,gaussian_noise,0.02,0,Pedestrian,13.4,0-15m,53.7,156,156
kitti_mini,000011,yaw,0.0,gaussian_noise,0.02,1,Pedestrian,14.5,0-15m,59.7,34,34
kitti_mini,000011,yaw,0.0,gaussian_noise,0.02,2,Car,27.1,15-30m,60.7,200,199
kitti_mini,000011,yaw,0.0,gaussian_noise,0.02,3,Pedestrian,34.2,>30m,15.3,39,37
kitti_mini,000011,yaw,0.0,gaussian_noise,0.02,4,Car,6.6,0-15m,85.9,207,205
kitti_mini,000011,yaw,0.0,gaussian_noise,0.02,5,Pedestrian,17.8,15-30m,27.7,79,79
kitti_mini,000011,yaw,1.0,gaussian_noise,0.02,0,Pedestrian,13.4,0-15m,53.7,156,125
kitti_mini,000011,yaw,1.0,gaussian_noise,0.02,1,Pedestrian,14.5,0-15m,59.7,34,34
kitti_mini,000011,yaw,1.0,gaussian_noise,0.02,2,Car,27.1,15-30m,60.7,200,170
kitti_mini,000011,yaw,1.0,gaussian_noise,0.02,3,Pedestrian,34.2,>30m,15.3,39,2
kitti_mini,000011,yaw,1.0,gaussian_noise,0.02,4,Car,6.6,0-15m,85.9,145,144
kitti_mini,000011,yaw,1.0,gaussian_noise,0.02,5,Pedestrian,17.8,15-30m,27.7,79,29
kitti_mini,000011,yaw,0.0,gaussian_noise,0.05,0,Pedestrian,13.4,0-15m,53.7,150,148
kitti_mini,000011,yaw,0.0,gaussian_noise,0.05,1,Pedestrian,14.5,0-15m,59.7,30,30
kitti_mini,000011,yaw,0.0,gaussian_noise,0.05,2,Car,27.1,15-30m,60.7,190,190
kitti_mini,000011,yaw,0.0,gaussian_noise,0.05,3,Pedestrian,34.2,>30m,15.3,38,37
kitti_mini,000011,yaw,0.0,gaussian_noise,0.05,4,Car,6.6,0-15m,85.9,189,188
kitti_mini,000011,yaw,0.0,gaussian_noise,0.05,5,Pedestrian,17.8,15-30m,27.7,79,78
kitti_mini,000011,yaw,1.0,gaussian_noise,0.05,0,Pedestrian,13.4,0-15m,53.7,150,121
kitti_mini,000011,yaw,1.0,gaussian_noise,0.05,1,Pedestrian,14.5,0-15m,59.7,30,30
kitti_mini,000011,yaw,1.0,gaussian_noise,0.05,2,Car,27.1,15-30m,60.7,190,161
kitti_mini,000011,yaw,1.0,gaussian_noise,0.05,3,Pedestrian,34.2,>30m,15.3,38,2
kitti_mini,000011,yaw,1.0,gaussian_noise,0.05,4,Car,6.6,0-15m,85.9,133,132
kitti_mini,000011,yaw,1.0,gaussian_noise,0.05,5,Pedestrian,17.8,15-30m,27.7,79,30
kitti_mini,000011,yaw,0.0,gaussian_noise,0.1,0,Pedestrian,13.4,0-15m,53.7,136,132
kitti_mini,000011,yaw,0.0,gaussian_noise,0.1,1,Pedestrian,14.5,0-15m,59.7,23,23
kitti_mini,000011,yaw,0.0,gaussian_noise,0.1,2,Car,27.1,15-30m,60.7,173,173
kitti_mini,000011,yaw,0.0,gaussian_noise,0.1,3,Pedestrian,34.2,>30m,15.3,36,32
kitti_mini,000011,yaw,0.0,gaussian_noise,0.1,4,Car,6.6,0-15m,85.9,150,150
kitti_mini,000011,yaw,0.0,gaussian_noise,0.1,5,Pedestrian,17.8,15-30m,27.7,73,71
kitti_mini,000011,yaw,1.0,gaussian_noise,0.1,0,Pedestrian,13.4,0-15m,53.7,136,106
kitti_mini,000011,yaw,1.0,gaussian_noise,0.1,1,Pedestrian,14.5,0-15m,59.7,23,23
kitti_mini,000011,yaw,1.0,gaussian_noise,0.1,2,Car,27.1,15-30m,60.7,173,148
kitti_mini,000011,yaw,1.0,gaussian_noise,0.1,3,Pedestrian,34.2,>30m,15.3,36,2
kitti_mini,000011,yaw,1.0,gaussian_noise,0.1,4,Car,6.6,0-15m,85.9,93,91
kitti_mini,000011,yaw,1.0,gaussian_noise,0.1,5,Pedestrian,17.8,15-30m,27.7,73,30
kitti_mini,000049,yaw,0.0,gaussian_noise,0.0,0,Car,21.6,15-30m,61.8,206,206
kitti_mini,000049,yaw,0.0,gaussian_noise,0.0,1,Car,14.3,0-15m,189.7,930,930
kitti_mini,000049,yaw,0.0,gaussian_noise,0.0,2,Car,22.3,15-30m,104.7,140,140
kitti_mini,000049,yaw,0.0,gaussian_noise,0.0,3,Car,25.2,15-30m,101.9,79,79
kitti_mini,000049,yaw,0.0,gaussian_noise,0.0,4,Car,32.8,>30m,82.5,18,18
kitti_mini,000049,yaw,0.0,gaussian_noise,0.0,5,Van,45.9,>30m,70.5,79,79
kitti_mini,000049,yaw,0.0,gaussian_noise,0.0,6,Pedestrian,5.5,0-15m,144.3,719,690
kitti_mini,000049,yaw,0.0,gaussian_noise,0.0,7,Car,10.4,0-15m,259.2,571,571
kitti_mini,000049,yaw,0.0,gaussian_noise,0.0,8,Car,15.4,15-30m,132.1,432,432
kitti_mini,000049,yaw,0.0,gaussian_noise,0.0,9,Car,20.6,15-30m,96.6,198,198
kitti_mini,000049,yaw,0.0,gaussian_noise,0.0,10,Pedestrian,32.8,>30m,16.3,42,37
kitti_mini,000049,yaw,0.0,gaussian_noise,0.0,11,Car,33.2,>30m,105.5,74,74
kitti_mini,000049,yaw,0.0,gaussian_noise,0.0,12,Car,14.4,0-15m,252.9,437,437
kitti_mini,000049,yaw,0.0,gaussian_noise,0.0,13,Car,19.0,15-30m,147.9,312,312
kitti_mini,000049,yaw,0.0,gaussian_noise,0.0,14,Car,35.7,>30m,35.8,2,2
kitti_mini,000049,yaw,0.0,gaussian_noise,0.0,15,Car,23.2,15-30m,91.6,8,8
kitti_mini,000049,yaw,0.0,gaussian_noise,0.0,16,Van,35.6,>30m,159.3,261,261
kitti_mini,000049,yaw,0.0,gaussian_noise,0.0,17,Car,22.4,15-30m,111.6,49,49
kitti_mini,000049,yaw,1.0,gaussian_noise,0.0,0,Car,21.6,15-30m,61.8,206,165
kitti_mini,000049,yaw,1.0,gaussian_noise,0.0,1,Car,14.3,0-15m,189.7,930,903
kitti_mini,000049,yaw,1.0,gaussian_noise,0.0,2,Car,22.3,15-30m,104.7,140,140
kitti_mini,000049,yaw,1.0,gaussian_noise,0.0,3,Car,25.2,15-30m,101.9,79,79
kitti_mini,000049,yaw,1.0,gaussian_noise,0.0,4,Car,32.8,>30m,82.5,18,18
kitti_mini,000049,yaw,1.0,gaussian_noise,0.0,5,Van,45.9,>30m,70.5,79,76
kitti_mini,000049,yaw,1.0,gaussian_noise,0.0,6,Pedestrian,5.5,0-15m,144.3,723,649
kitti_mini,000049,yaw,1.0,gaussian_noise,0.0,7,Car,10.4,0-15m,259.2,571,543
kitti_mini,000049,yaw,1.0,gaussian_noise,0.0,8,Car,15.4,15-30m,132.1,432,406
kitti_mini,000049,yaw,1.0,gaussian_noise,0.0,9,Car,20.6,15-30m,96.6,198,167
kitti_mini,000049,yaw,1.0,gaussian_noise,0.0,10,Pedestrian,32.8,>30m,16.3,42,2
kitti_mini,000049,yaw,1.0,gaussian_noise,0.0,11,Car,33.2,>30m,105.5,74,74
kitti_mini,000049,yaw,1.0,gaussian_noise,0.0,12,Car,14.4,0-15m,252.9,437,437
kitti_mini,000049,yaw,1.0,gaussian_noise,0.0,13,Car,19.0,15-30m,147.9,312,312
kitti_mini,000049,yaw,1.0,gaussian_noise,0.0,14,Car,35.7,>30m,35.8,2,2
kitti_mini,000049,yaw,1.0,gaussian_noise,0.0,15,Car,23.2,15-30m,91.6,8,8
kitti_mini,000049,yaw,1.0,gaussian_noise,0.0,16,Van,35.6,>30m,159.3,261,235
kitti_mini,000049,yaw,1.0,gaussian_noise,0.0,17,Car,22.4,15-30m,111.6,41,41
kitti_mini,000049,yaw,0.0,gaussian_noise,0.02,0,Car,21.6,15-30m,61.8,205,205
kitti_mini,000049,yaw,0.0,gaussian_noise,0.02,1,Car,14.3,0-15m,189.7,896,896
kitti_mini,000049,yaw,0.0,gaussian_noise,0.02,2,Car,22.3,15-30m,104.7,137,137
kitti_mini,000049,yaw,0.0,gaussian_noise,0.02,3,Car,25.2,15-30m,101.9,73,73
kitti_mini,000049,yaw,0.0,gaussian_noise,0.02,4,Car,32.8,>30m,82.5,18,18
kitti_mini,000049,yaw,0.0,gaussian_noise,0.02,5,Van,45.9,>30m,70.5,79,79
kitti_mini,000049,yaw,0.0,gaussian_noise,0.02,6,Pedestrian,5.5,0-15m,144.3,721,691
kitti_mini,000049,yaw,0.0,gaussian_noise,0.02,7,Car,10.4,0-15m,259.2,544,544
kitti_mini,000049,yaw,0.0,gaussian_noise,0.02,8,Car,15.4,15-30m,132.1,423,423
kitti_mini,000049,yaw,0.0,gaussian_noise,0.02,9,Car,20.6,15-30m,96.6,198,198
kitti_mini,000049,yaw,0.0,gaussian_noise,0.02,10,Pedestrian,32.8,>30m,16.3,42,37
kitti_mini,000049,yaw,0.0,gaussian_noise,0.02,11,Car,33.2,>30m,105.5,74,74
kitti_mini,000049,yaw,0.0,gaussian_noise,0.02,12,Car,14.4,0-15m,252.9,416,416
kitti_mini,000049,yaw,0.0,gaussian_noise,0.02,13,Car,19.0,15-30m,147.9,313,313
kitti_mini,000049,yaw,0.0,gaussian_noise,0.02,14,Car,35.7,>30m,35.8,7,7
kitti_mini,000049,yaw,0.0,gaussian_noise,0.02,15,Car,23.2,15-30m,91.6,9,9
kitti_mini,000049,yaw,0.0,gaussian_noise,0.02,16,Van,35.6,>30m,159.3,256,256
kitti_mini,000049,yaw,0.0,gaussian_noise,0.02,17,Car,22.4,15-30m,111.6,49,49
kitti_mini,000049,yaw,1.0,gaussian_noise,0.02,0,Car,21.6,15-30m,61.8,205,163
kitti_mini,000049,yaw,1.0,gaussian_noise,0.02,1,Car,14.3,0-15m,189.7,896,870
kitti_mini,000049,yaw,1.0,gaussian_noise,0.02,2,Car,22.3,15-30m,104.7,137,137
kitti_mini,000049,yaw,1.0,gaussian_noise,0.02,3,Car,25.2,15-30m,101.9,73,73
kitti_mini,000049,yaw,1.0,gaussian_noise,0.02,4,Car,32.8,>30m,82.5,18,18
kitti_mini,000049,yaw,1.0,gaussian_noise,0.02,5,Van,45.9,>30m,70.5,79,76
kitti_mini,000049,yaw,1.0,gaussian_noise,0.02,6,Pedestrian,5.5,0-15m,144.3,722,647
kitti_mini,000049,yaw,1.0,gaussian_noise,0.02,7,Car,10.4,0-15m,259.2,544,520
kitti_mini,000049,yaw,1.0,gaussian_noise,0.02,8,Car,15.4,15-30m,132.1,423,401
kitti_mini,000049,yaw,1.0,gaussian_noise,0.02,9,Car,20.6,15-30m,96.6,198,168
kitti_mini,000049,yaw,1.0,gaussian_noise,0.02,10,Pedestrian,32.8,>30m,16.3,42,3
kitti_mini,000049,yaw,1.0,gaussian_noise,0.02,11,Car,33.2,>30m,105.5,74,74
kitti_mini,000049,yaw,1.0,gaussian_noise,0.02,12,Car,14.4,0-15m,252.9,416,416
kitti_mini,000049,yaw,1.0,gaussian_noise,0.02,13,Car,19.0,15-30m,147.9,313,313
kitti_mini,000049,yaw,1.0,gaussian_noise,0.02,14,Car,35.7,>30m,35.8,7,7
kitti_mini,000049,yaw,1.0,gaussian_noise,0.02,15,Car,23.2,15-30m,91.6,9,9
kitti_mini,000049,yaw,1.0,gaussian_noise,0.02,16,Van,35.6,>30m,159.3,256,231
kitti_mini,000049,yaw,1.0,gaussian_noise,0.02,17,Car,22.4,15-30m,111.6,41,41
kitti_mini,000049,yaw,0.0,gaussian_noise,0.05,0,Car,21.6,15-30m,61.8,196,196
kitti_mini,000049,yaw,0.0,gaussian_noise,0.05,1,Car,14.3,0-15m,189.7,828,828
kitti_mini,000049,yaw,0.0,gaussian_noise,0.05,2,Car,22.3,15-30m,104.7,126,126
kitti_mini,000049,yaw,0.0,gaussian_noise,0.05,3,Car,25.2,15-30m,101.9,72,71
kitti_mini,000049,yaw,0.0,gaussian_noise,0.05,4,Car,32.8,>30m,82.5,17,17
kitti_mini,000049,yaw,0.0,gaussian_noise,0.05,5,Van,45.9,>30m,70.5,79,79
kitti_mini,000049,yaw,0.0,gaussian_noise,0.05,6,Pedestrian,5.5,0-15m,144.3,732,696
kitti_mini,000049,yaw,0.0,gaussian_noise,0.05,7,Car,10.4,0-15m,259.2,518,518
kitti_mini,000049,yaw,0.0,gaussian_noise,0.05,8,Car,15.4,15-30m,132.1,390,390
kitti_mini,000049,yaw,0.0,gaussian_noise,0.05,9,Car,20.6,15-30m,96.6,198,198
kitti_mini,000049,yaw,0.0,gaussian_noise,0.05,10,Pedestrian,32.8,>30m,16.3,42,38
kitti_mini,000049,yaw,0.0,gaussian_noise,0.05,11,Car,33.2,>30m,105.5,71,71
kitti_mini,000049,yaw,0.0,gaussian_noise,0.05,12,Car,14.4,0-15m,252.9,397,397
kitti_mini,000049,yaw,0.0,gaussian_noise,0.05,13,Car,19.0,15-30m,147.9,296,295
kitti_mini,000049,yaw,0.0,gaussian_noise,0.05,14,Car,35.7,>30m,35.8,7,7
kitti_mini,000049,yaw,0.0,gaussian_noise,0.05,15,Car,23.2,15-30m,91.6,13,13
kitti_mini,000049,yaw,0.0,gaussian_noise,0.05,16,Van,35.6,>30m,159.3,239,239
kitti_mini,000049,yaw,0.0,gaussian_noise,0.05,17,Car,22.4,15-30m,111.6,48,48
kitti_mini,000049,yaw,1.0,gaussian_noise,0.05,0,Car,21.6,15-30m,61.8,196,156
kitti_mini,000049,yaw,1.0,gaussian_noise,0.05,1,Car,14.3,0-15m,189.7,828,808
kitti_mini,000049,yaw,1.0,gaussian_noise,0.05,2,Car,22.3,15-30m,104.7,126,126
kitti_mini,000049,yaw,1.0,gaussian_noise,0.05,3,Car,25.2,15-30m,101.9,72,71
kitti_mini,000049,yaw,1.0,gaussian_noise,0.05,4,Car,32.8,>30m,82.5,17,17
kitti_mini,000049,yaw,1.0,gaussian_noise,0.05,5,Van,45.9,>30m,70.5,79,76
kitti_mini,000049,yaw,1.0,gaussian_noise,0.05,6,Pedestrian,5.5,0-15m,144.3,736,658
kitti_mini,000049,yaw,1.0,gaussian_noise,0.05,7,Car,10.4,0-15m,259.2,518,499
kitti_mini,000049,yaw,1.0,gaussian_noise,0.05,8,Car,15.4,15-30m,132.1,390,375
kitti_mini,000049,yaw,1.0,gaussian_noise,0.05,9,Car,20.6,15-30m,96.6,198,169
kitti_mini,000049,yaw,1.0,gaussian_noise,0.05,10,Pedestrian,32.8,>30m,16.3,42,3
kitti_mini,000049,yaw,1.0,gaussian_noise,0.05,11,Car,33.2,>30m,105.5,71,71
kitti_mini,000049,yaw,1.0,gaussian_noise,0.05,12,Car,14.4,0-15m,252.9,397,397
kitti_mini,000049,yaw,1.0,gaussian_noise,0.05,13,Car,19.0,15-30m,147.9,296,295
kitti_mini,000049,yaw,1.0,gaussian_noise,0.05,14,Car,35.7,>30m,35.8,7,7
kitti_mini,000049,yaw,1.0,gaussian_noise,0.05,15,Car,23.2,15-30m,91.6,13,13
kitti_mini,000049,yaw,1.0,gaussian_noise,0.05,16,Van,35.6,>30m,159.3,239,215
kitti_mini,000049,yaw,1.0,gaussian_noise,0.05,17,Car,22.4,15-30m,111.6,40,40
kitti_mini,000049,yaw,0.0,gaussian_noise,0.1,0,Car,21.6,15-30m,61.8,176,176
kitti_mini,000049,yaw,0.0,gaussian_noise,0.1,1,Car,14.3,0-15m,189.7,747,746
kitti_mini,000049,yaw,0.0,gaussian_noise,0.1,2,Car,22.3,15-30m,104.7,116,116
kitti_mini,000049,yaw,0.0,gaussian_noise,0.1,3,Car,25.2,15-30m,101.9,66,66
kitti_mini,000049,yaw,0.0,gaussian_noise,0.1,4,Car,32.8,>30m,82.5,13,13
kitti_mini,000049,yaw,0.0,gaussian_noise,0.1,5,Van,45.9,>30m,70.5,75,75
kitti_mini,000049,yaw,0.0,gaussian_noise,0.1,6,Pedestrian,5.5,0-15m,144.3,730,687
kitti_mini,000049,yaw,0.0,gaussian_noise,0.1,7,Car,10.4,0-15m,259.2,486,486
kitti_mini,000049,yaw,0.0,gaussian_noise,0.1,8,Car,15.4,15-30m,132.1,359,359
kitti_mini,000049,yaw,0.0,gaussian_noise,0.1,9,Car,20.6,15-30m,96.6,177,177
kitti_mini,000049,yaw,0.0,gaussian_noise,0.1,10,Pedestrian,32.8,>30m,16.3,38,34
kitti_mini,000049,yaw,0.0,gaussian_noise,0.1,11,Car,33.2,>30m,105.5,68,68
kitti_mini,000049,yaw,0.0,gaussian_noise,0.1,12,Car,14.4,0-15m,252.9,363,363
kitti_mini,000049,yaw,0.0,gaussian_noise,0.1,13,Car,19.0,15-30m,147.9,272,272
kitti_mini,000049,yaw,0.0,gaussian_noise,0.1,14,Car,35.7,>30m,35.8,7,7
kitti_mini,000049,yaw,0.0,gaussian_noise,0.1,15,Car,23.2,15-30m,91.6,16,16
kitti_mini,000049,yaw,0.0,gaussian_noise,0.1,16,Van,35.6,>30m,159.3,212,212
kitti_mini,000049,yaw,0.0,gaussian_noise,0.1,17,Car,22.4,15-30m,111.6,42,42
kitti_mini,000049,yaw,1.0,gaussian_noise,0.1,0,Car,21.6,15-30m,61.8,176,140
kitti_mini,000049,yaw,1.0,gaussian_noise,0.1,1,Car,14.3,0-15m,189.7,747,734
kitti_mini,000049,yaw,1.0,gaussian_noise,0.1,2,Car,22.3,15-30m,104.7,116,116
kitti_mini,000049,yaw,1.0,gaussian_noise,0.1,3,Car,25.2,15-30m,101.9,66,66
kitti_mini,000049,yaw,1.0,gaussian_noise,0.1,4,Car,32.8,>30m,82.5,13,13
kitti_mini,000049,yaw,1.0,gaussian_noise,0.1,5,Van,45.9,>30m,70.5,75,72
kitti_mini,000049,yaw,1.0,gaussian_noise,0.1,6,Pedestrian,5.5,0-15m,144.3,733,652
kitti_mini,000049,yaw,1.0,gaussian_noise,0.1,7,Car,10.4,0-15m,259.2,486,475
kitti_mini,000049,yaw,1.0,gaussian_noise,0.1,8,Car,15.4,15-30m,132.1,359,352
kitti_mini,000049,yaw,1.0,gaussian_noise,0.1,9,Car,20.6,15-30m,96.6,177,152
kitti_mini,000049,yaw,1.0,gaussian_noise,0.1,10,Pedestrian,32.8,>30m,16.3,38,2
kitti_mini,000049,yaw,1.0,gaussian_noise,0.1,11,Car,33.2,>30m,105.5,68,68
kitti_mini,000049,yaw,1.0,gaussian_noise,0.1,12,Car,14.4,0-15m,252.9,363,363
kitti_mini,000049,yaw,1.0,gaussian_noise,0.1,13,Car,19.0,15-30m,147.9,272,271
kitti_mini,000049,yaw,1.0,gaussian_noise,0.1,14,Car,35.7,>30m,35.8,7,7
kitti_mini,000049,yaw,1.0,gaussian_noise,0.1,15,Car,23.2,15-30m,91.6,16,16
kitti_mini,000049,yaw,1.0,gaussian_noise,0.1,16,Van,35.6,>30m,159.3,212,198
kitti_mini,000049,yaw,1.0,gaussian_noise,0.1,17,Car,22.4,15-30m,111.6,34,34
