frame,scene,dt_cam_minus_lidar_ms,ego_shift_m,ego_speed_mps,object_points,hit_ratio_ego,hit_ratio_no_ego
scene-0103_000,scene-0103,-35.2,0.308,8.76,48,1.0,0.9583
scene-0103_001,scene-0103,-35.6,0.297,8.34,67,1.0,1.0
scene-0103_002,scene-0103,-35.5,0.305,8.58,60,1.0,0.9667
scene-0103_003,scene-0103,-35.4,0.298,8.42,76,1.0,1.0
scene-0103_004,scene-0103,-35.8,0.306,8.56,125,1.0,1.0
scene-0103_005,scene-0103,-36.2,0.309,8.54,133,1.0,0.9661
scene-0103_006,scene-0103,-36.7,0.329,8.97,65,0.9846,1.0
scene-0103_007,scene-0103,-36.5,0.33,9.04,144,1.0,1.0
scene-0103_008,scene-0103,-36.4,0.327,8.98,140,1.0,0.963
scene-0103_009,scene-0103,-35.7,0.323,9.04,119,1.0,0.9907
scene-0103_010,scene-0103,-35.6,0.306,8.6,104,1.0,1.0
scene-0103_011,scene-0103,-35.5,0.25,7.06,105,1.0,1.0
scene-0103_012,scene-0103,-35.4,0.206,5.82,136,1.0,1.0
scene-0103_013,scene-0103,-34.6,0.169,4.88,199,1.0,1.0
scene-0103_014,scene-0103,-34.5,0.124,3.58,309,1.0,1.0
scene-0103_015,scene-0103,-34.4,0.076,2.21,371,1.0,0.9973
scene-0103_016,scene-0103,-34.2,0.058,1.68,335,0.994,1.0
scene-0103_017,scene-0103,-34.3,0.057,1.65,315,0.9968,0.9968
scene-0103_018,scene-0103,-34.8,0.059,1.69,334,1.0,1.0
scene-0103_019,scene-0103,-35.2,0.067,1.9,269,0.9963,1.0
scene-0103_020,scene-0103,-35.6,0.085,2.4,248,1.0,0.9959
scene-0103_021,scene-0103,-35.8,0.094,2.61,233,0.9957,0.9956
scene-0103_022,scene-0103,-37.8,0.118,3.12,209,1.0,1.0
scene-0103_023,scene-0103,-36.1,0.123,3.41,229,1.0,1.0
scene-0103_024,scene-0103,-36.0,0.142,3.93,183,1.0,1.0
scene-0103_025,scene-0103,-35.3,0.162,4.58,92,1.0,1.0
scene-0103_026,scene-0103,-35.2,0.169,4.79,89,1.0,1.0
scene-0103_027,scene-0103,-35.1,0.189,5.39,84,1.0,1.0
scene-0103_028,scene-0103,-34.6,0.199,5.75,93,1.0,1.0
scene-0103_029,scene-0103,-34.8,0.214,6.14,98,1.0,1.0
scene-0103_030,scene-0103,-34.7,0.222,6.4,172,1.0,1.0
scene-0103_031,scene-0103,-34.6,0.233,6.74,283,1.0,1.0
scene-0103_032,scene-0103,-34.5,0.249,7.24,293,1.0,1.0
scene-0103_033,scene-0103,-34.9,0.263,7.56,349,1.0,1.0
scene-0103_034,scene-0103,-35.3,0.274,7.75,434,0.9977,1.0
scene-0103_035,scene-0103,-35.3,0.285,8.06,389,0.9974,1.0
scene-0103_036,scene-0103,-35.6,0.288,8.07,285,1.0,1.0
scene-0103_037,scene-0103,-35.5,0.286,8.04,342,0.9971,0.9969
scene-0103_038,scene-0103,-36.5,0.303,8.3,387,0.9974,1.0
scene-0103_039,scene-0103,-35.8,0.291,8.13,271,1.0,1.0
scene-1094_000,scene-1094,-35.7,0.005,0.14,609,1.0,1.0
scene-1094_001,scene-1094,-35.5,0.005,0.15,553,1.0,1.0
scene-1094_002,scene-1094,-35.4,0.008,0.23,528,1.0,1.0
scene-1094_003,scene-1094,-34.7,0.022,0.64,527,1.0,0.9981
scene-1094_004,scene-1094,-34.6,0.039,1.12,509,1.0,1.0
scene-1094_005,scene-1094,-35.0,0.06,1.71,524,1.0,0.9981
scene-1094_006,scene-1094,-34.9,0.07,2.0,567,1.0,1.0
scene-1094_007,scene-1094,-37.7,0.11,2.93,625,1.0,1.0
scene-1094_008,scene-1094,-35.2,0.104,2.96,648,1.0,0.9985
scene-1094_009,scene-1094,-35.6,0.097,2.72,465,1.0,1.0
scene-1094_010,scene-1094,-35.0,0.094,2.69,359,1.0,0.9972
scene-1094_011,scene-1094,-34.9,0.097,2.77,339,1.0,0.9971
scene-1094_012,scene-1094,-35.3,0.091,2.57,437,1.0,0.973
scene-1094_013,scene-1094,-35.3,0.095,2.68,487,0.9979,0.9798
scene-1094_014,scene-1094,-35.6,0.102,2.87,581,1.0,0.9862
scene-1094_015,scene-1094,-36.0,0.123,3.43,485,1.0,0.9912
scene-1094_016,scene-1094,-37.0,0.166,4.49,179,0.9944,0.9877
scene-1094_017,scene-1094,-38.0,0.188,4.97,146,1.0,0.993
scene-1094_018,scene-1094,-37.8,0.235,6.2,104,1.0,1.0
scene-1094_019,scene-1094,-37.7,0.245,6.5,120,1.0,1.0
scene-1094_020,scene-1094,-37.3,0.259,6.96,90,1.0,1.0
scene-1094_021,scene-1094,-36.6,0.261,7.15,72,1.0,1.0
scene-1094_022,scene-1094,-36.5,0.279,7.65,56,1.0,1.0
scene-1094_023,scene-1094,-39.5,0.323,8.18,40,1.0,0.9459
scene-1094_024,scene-1094,-34.9,0.298,8.55,50,1.0,0.94
scene-1094_025,scene-1094,-34.8,0.304,8.75,73,1.0,0.9863
scene-1094_026,scene-1094,-34.6,0.312,9.02,57,1.0,1.0
scene-1094_027,scene-1094,-35.1,0.324,9.22,79,1.0,0.9747
scene-1094_028,scene-1094,-35.5,0.338,9.52,86,1.0,0.9651
scene-1094_029,scene-1094,-35.4,0.349,9.86,47,1.0,1.0
scene-1094_030,scene-1094,-35.2,0.369,10.46,52,1.0,0.9038
scene-1094_031,scene-1094,-35.1,0.37,10.54,12,1.0,1.0
scene-1094_032,scene-1094,-35.5,0.387,10.88,9,1.0,1.0
scene-1094_033,scene-1094,-36.0,0.414,11.5,23,1.0,0.913
scene-1094_034,scene-1094,-35.9,0.417,11.62,20,1.0,1.0
scene-1094_035,scene-1094,-35.4,0.427,12.06,9,1.0,1.0
scene-1094_036,scene-1094,-35.6,0.451,12.66,17,1.0,1.0
scene-1094_037,scene-1094,-36.0,0.45,12.48,17,1.0,1.0
scene-1094_038,scene-1094,-35.9,0.446,12.43,72,1.0,0.9861
scene-1094_039,scene-1094,-35.2,0.451,12.79,32,1.0,1.0
