dataset,frame,param,level,degrade,degrade_level,n_points,inside_image,object_points,hits,hit_ratio,hit_ratio_ped_cyc,hit_ratio_vehicle,edge_score
kitti_mini,000001,yaw,0.0,none,,120268,18630,97,97,1.0,1.0,1.0,0.3437
kitti_mini,000001,yaw,0.5,none,,120268,18629,97,72,0.7423,0.5556,0.7848,0.3256
kitti_mini,000001,yaw,1.0,none,,120268,18630,97,41,0.4227,0.0,0.519,0.317
kitti_mini,000001,yaw,2.0,none,,120268,18633,97,7,0.0722,0.0,0.0886,0.2874
kitti_mini,000004,yaw,0.0,none,,115976,19063,103,103,1.0,,1.0,0.3256
kitti_mini,000004,yaw,0.5,none,,115976,19053,103,97,0.9417,,0.9417,0.3158
kitti_mini,000004,yaw,1.0,none,,115976,19032,103,82,0.7961,,0.7961,0.3133
kitti_mini,000004,yaw,2.0,none,,115976,18975,103,56,0.5437,,0.5437,0.3315
kitti_mini,000007,yaw,0.0,none,,122798,19423,240,240,1.0,1.0,1.0,0.3344
kitti_mini,000007,yaw,0.5,none,,122798,19433,240,212,0.8833,0.96,0.8744,0.3125
kitti_mini,000007,yaw,1.0,none,,122798,19388,240,172,0.7167,0.44,0.7488,0.3215
kitti_mini,000007,yaw,2.0,none,,122798,19236,240,99,0.4125,0.0,0.4605,0.291
kitti_mini,000008,yaw,0.0,none,,122555,17238,5127,5108,0.9963,,0.9963,0.6362
kitti_mini,000008,yaw,0.5,none,,122555,17281,5104,5082,0.9957,,0.9957,0.6188
kitti_mini,000008,yaw,1.0,none,,122555,17316,5071,5001,0.9862,,0.9862,0.5665
kitti_mini,000008,yaw,2.0,none,,122555,17384,5008,4748,0.9481,,0.9481,0.5731
kitti_mini,000009,yaw,0.0,none,,123928,19411,224,224,1.0,,1.0,0.3961
kitti_mini,000009,yaw,0.5,none,,123928,19412,224,207,0.9241,,0.9241,0.4075
kitti_mini,000009,yaw,1.0,none,,123928,19395,224,181,0.808,,0.808,0.3815
kitti_mini,000009,yaw,2.0,none,,123928,19381,224,120,0.5357,,0.5357,0.3511
kitti_mini,000010,yaw,0.0,none,,115875,16464,2064,2058,0.9971,1.0,0.9971,0.4215
kitti_mini,000010,yaw,0.5,none,,115875,16412,2085,2068,0.9918,0.8261,0.9937,0.3726
kitti_mini,000010,yaw,1.0,none,,115875,16369,2106,2011,0.9549,0.3043,0.9621,0.3521
kitti_mini,000010,yaw,2.0,none,,115875,16299,2173,1876,0.8633,0.0,0.8726,0.3442
kitti_mini,000011,yaw,0.0,none,,108004,19946,725,721,0.9945,0.9967,0.9928,0.6762
kitti_mini,000011,yaw,0.5,none,,108004,19946,690,634,0.9188,0.8567,0.9687,0.6079
kitti_mini,000011,yaw,1.0,none,,108004,19952,656,508,0.7744,0.6189,0.9112,0.5516
kitti_mini,000011,yaw,2.0,none,,108004,19963,592,269,0.4544,0.2117,0.7158,0.5471
kitti_mini,000012,yaw,0.0,none,,120007,18705,52,52,1.0,,1.0,0.5511
kitti_mini,000012,yaw,0.5,none,,120007,18688,52,48,0.9231,,0.9231,0.4451
kitti_mini,000012,yaw,1.0,none,,120007,18698,52,34,0.6538,,0.6538,0.4228
kitti_mini,000012,yaw,2.0,none,,120007,18699,52,5,0.0962,,0.0962,0.4212
kitti_mini,000015,yaw,0.0,none,,122583,18334,2227,2182,0.9798,0.9445,0.9921,0.7045
kitti_mini,000015,yaw,0.5,none,,122583,18379,2206,2042,0.9257,0.7452,0.9896,0.6743
kitti_mini,000015,yaw,1.0,none,,122583,18441,2182,1881,0.8621,0.5061,0.99,0.6502
kitti_mini,000015,yaw,2.0,none,,122583,18470,2135,1673,0.7836,0.2184,0.9929,0.6212
kitti_mini,000016,yaw,0.0,none,,113070,17868,3824,3819,0.9987,,0.9987,0.4032
kitti_mini,000016,yaw,0.5,none,,113070,17872,3771,3742,0.9923,,0.9923,0.3716
kitti_mini,000016,yaw,1.0,none,,113070,17871,3706,3630,0.9795,,0.9795,0.3677
kitti_mini,000016,yaw,2.0,none,,113070,17883,3578,3411,0.9533,,0.9533,0.3576
kitti_mini,000019,yaw,0.0,none,,115697,18792,6228,6223,0.9992,,0.9992,0.6462
kitti_mini,000019,yaw,0.5,none,,115697,18828,6135,6113,0.9964,,0.9964,0.6085
kitti_mini,000019,yaw,1.0,none,,115697,18859,6050,5993,0.9906,,0.9906,0.5621
kitti_mini,000019,yaw,2.0,none,,115697,18912,5850,5691,0.9728,,0.9728,0.5273
kitti_mini,000021,yaw,0.0,none,,125260,19824,2605,2595,0.9962,0.9462,1.0,0.5479
kitti_mini,000021,yaw,0.5,none,,125260,19818,2649,2643,0.9977,0.9957,0.9979,0.4966
kitti_mini,000021,yaw,1.0,none,,125260,19827,2705,2622,0.9693,0.958,0.9706,0.473
kitti_mini,000021,yaw,2.0,none,,125260,19841,2802,2561,0.914,0.9922,0.9016,0.4484
kitti_mini,000023,yaw,0.0,none,,120412,18587,107,107,1.0,1.0,1.0,0.3491
kitti_mini,000023,yaw,0.5,none,,120412,18585,107,84,0.785,0.6,0.8276,0.3319
kitti_mini,000023,yaw,1.0,none,,120412,18583,107,50,0.4673,0.0,0.5747,0.327
kitti_mini,000023,yaw,2.0,none,,120412,18592,107,10,0.0935,0.0,0.1149,0.2981
kitti_mini,000025,yaw,0.0,none,,115780,17529,1686,1684,0.9988,1.0,0.9988,0.655
kitti_mini,000025,yaw,0.5,none,,115780,17534,1693,1651,0.9752,0.2381,0.9844,0.6322
kitti_mini,000025,yaw,1.0,none,,115780,17540,1702,1594,0.9365,0.0,0.9482,0.5906
kitti_mini,000025,yaw,2.0,none,,115780,17541,1718,1428,0.8312,0.0,0.8415,0.5761
kitti_mini,000031,yaw,0.0,none,,121291,18896,3074,3074,1.0,,1.0,0.5412
kitti_mini,000031,yaw,0.5,none,,121291,18877,3074,3040,0.9889,,0.9889,0.4939
kitti_mini,000031,yaw,1.0,none,,121291,18837,3074,2941,0.9567,,0.9567,0.4603
kitti_mini,000031,yaw,2.0,none,,121291,18783,3074,2638,0.8582,,0.8582,0.4512
kitti_mini,000032,yaw,0.0,none,,118661,19535,4987,4985,0.9996,,0.9996,0.5915
kitti_mini,000032,yaw,0.5,none,,118661,19547,4987,4963,0.9952,,0.9952,0.5265
kitti_mini,000032,yaw,1.0,none,,118661,19546,4987,4873,0.9771,,0.9771,0.5169
kitti_mini,000032,yaw,2.0,none,,118661,19548,4987,4625,0.9274,,0.9274,0.5147
kitti_mini,000043,yaw,0.0,none,,122591,19655,514,503,0.9786,0.9786,,0.6542
kitti_mini,000043,yaw,0.5,none,,122591,19689,514,419,0.8152,0.8152,,0.584
kitti_mini,000043,yaw,1.0,none,,122591,19713,514,252,0.4903,0.4903,,0.5753
kitti_mini,000043,yaw,2.0,none,,122591,19769,514,17,0.0331,0.0331,,0.5337
kitti_mini,000048,yaw,0.0,none,,122675,19820,402,370,0.9204,0.9204,,0.7626
kitti_mini,000048,yaw,0.5,none,,122675,19841,402,286,0.7114,0.7114,,0.7269
kitti_mini,000048,yaw,1.0,none,,122675,19852,402,142,0.3532,0.3532,,0.7225
kitti_mini,000048,yaw,2.0,none,,122675,19883,402,2,0.005,0.005,,0.6968
kitti_mini,000049,yaw,0.0,none,,113691,18093,4557,4523,0.9925,0.9553,1.0,0.608
kitti_mini,000049,yaw,0.5,none,,113691,18134,4559,4443,0.9746,0.9097,0.9876,0.5585
kitti_mini,000049,yaw,1.0,none,,113691,18174,4553,4257,0.935,0.851,0.952,0.5544
kitti_mini,000049,yaw,2.0,none,,113691,18229,4516,3827,0.8474,0.7333,0.8707,0.5572
kitti_mini,000061,yaw,0.0,none,,125247,19791,1262,1262,1.0,,1.0,0.2998
kitti_mini,000061,yaw,0.5,none,,125247,19813,1227,1222,0.9959,,0.9959,0.3037
kitti_mini,000061,yaw,1.0,none,,125247,19825,1187,1150,0.9688,,0.9688,0.2859
kitti_mini,000061,yaw,2.0,none,,125247,19866,1130,981,0.8681,,0.8681,0.2755
