stage,run,warmup,ms
hit_ratio,0,True,30.258
hit_ratio,1,False,29.999
hit_ratio,2,False,28.547
hit_ratio,3,False,30.143
hit_ratio,4,False,29.847
hit_ratio,5,False,29.253
hit_ratio,6,False,28.379
hit_ratio,7,False,28.819
hit_ratio,8,False,28.313
hit_ratio,9,False,28.726
hit_ratio,10,False,28.437
hit_ratio,11,False,28.45
hit_ratio,12,False,28.283
hit_ratio,13,False,27.473
hit_ratio,14,False,27.839
hit_ratio,15,False,27.632
hit_ratio,16,False,28.66
hit_ratio,17,False,28.313
hit_ratio,18,False,28.553
hit_ratio,19,False,28.561
hit_ratio,20,False,27.7
edge_score,0,True,16.771
edge_score,1,False,11.812
edge_score,2,False,11.658
edge_score,3,False,11.389
edge_score,4,False,12.104
edge_score,5,False,12.31
edge_score,6,False,12.813
edge_score,7,False,13.076
edge_score,8,False,12.513
edge_score,9,False,11.934
edge_score,10,False,11.653
edge_score,11,False,11.371
edge_score,12,False,12.082
edge_score,13,False,11.066
edge_score,14,False,11.515
edge_score,15,False,12.234
edge_score,16,False,12.695
edge_score,17,False,11.699
edge_score,18,False,12.5
edge_score,19,False,12.507
edge_score,20,False,11.872
