dataset,frame,param,level,degrade,degrade_level,n_points,inside_image,object_points,hits,hit_ratio,hit_ratio_ped_cyc,hit_ratio_vehicle
kitti_mini,000008,tz,0.0,none,,122555,17238,5127,5108,0.9963,,0.9963
kitti_mini,000008,tz,0.02,none,,122555,17432,5186,5172,0.9973,,0.9973
kitti_mini,000008,tz,0.05,none,,122555,17709,5298,5242,0.9894,,0.9894
kitti_mini,000008,tz,0.1,none,,122555,18135,5438,5174,0.9515,,0.9515
kitti_mini,000011,tz,0.0,none,,108004,19946,725,721,0.9945,0.9967,0.9928
kitti_mini,000011,tz,0.02,none,,108004,20147,731,728,0.9959,0.9967,0.9953
kitti_mini,000011,tz,0.05,none,,108004,20396,736,732,0.9946,0.9967,0.993
kitti_mini,000011,tz,0.1,none,,108004,20808,749,747,0.9973,0.9935,1.0
kitti_mini,000049,tz,0.0,none,,113691,18093,4557,4523,0.9925,0.9553,1.0
kitti_mini,000049,tz,0.02,none,,113691,18262,4561,4530,0.9932,0.9595,1.0
kitti_mini,000049,tz,0.05,none,,113691,18475,4570,4496,0.9838,0.9548,0.9897
kitti_mini,000049,tz,0.1,none,,113691,18923,4589,4336,0.9449,0.9496,0.9439
